Firma;Email;Kategorie;Poznámka
Prime Enterprises Media, s.r.o.;info@primeenterprisesmedia.cz;Marketing;Nedoručeno - čeká na ověření: Praha - Staré Město
PPC ONE - reklamní agentura;info@ppcone.cz;Marketing;Úspěšně odesláno - čeká na odpověď
NetMedio - Vaše osobní reklamní agentura;info@netmedio.cz;Marketing;Úspěšně odesláno - čeká na odpověď
Pixelmate;info@pixelmate.cz;Marketing;Úspěšně odesláno - čeká na odpověď
MD works;info@mdworks.cz;Marketing;Nedoručeno - čeká na ověření: Praha, zaměření na kreativní studio a webové stránky
RKP Agency;info@rkpagency.cz;Marketing;Nedoručeno - čeká na ověření: Praha, specializace na video a produktovou fotografii
Creative Heores;info@creativeheores.cz;Marketing;Nedoručeno - čeká na ověření: Praha - Holešovice
Agentura Better;info@agenturabetter.cz;Marketing;Nedoručeno - čeká na ověření: Praha - Nusle, komplexní služby, kreativa, strategie
Effectix.com s.r.o.;info@effectix.com;Marketing;Úspěšně odesláno - čeká na odpověď
Československá marketingová agentura;info@ceskamarketingova.cz;Marketing;Nedoručeno - čeká na ověření: Praha, full-service agentura
Fragile;info@fragile.cz;Marketing;Úspěšně odesláno - čeká na odpověď
Visibility;info@visibility.cz;Marketing;Úspěšně odesláno - čeká na odpověď
Tigremy s.r.o.;info@tigremy.cz;Marketing;Nedoručeno - čeká na ověření: Praha, tisk a reklamní plochy, webdesign
Attractive s.r.o.;info@attractive.cz;Marketing;Úspěšně odesláno - čeká na odpověď
Publicis Groupe;info@publicisgroupe.cz;Marketing;Úspěšně odesláno - čeká na odpověď
YYY agency;info@yyy.cz;Marketing;Nedoručeno - čeká na ověření: Praha, budování značek, video produkce
NASTARTUJTO s.r.o.;info@nastartujto.cz;Marketing;Úspěšně odesláno - čeká na odpověď
digitivo Agency;info@digitivo.cz;Marketing;Úspěšně odesláno - čeká na odpověď
Neologic;info@neologic.cz;Marketing;Úspěšně odesláno - čeká na odpověď
Livet3 s.r.o.;info@livet3.cz;Marketing;Úspěšně odesláno - čeká na odpověď
TRITON IT s.r.o.;info@tritonit.cz;Marketing;Úspěšně odesláno - čeká na odpověď
WebMedea services s.r.o.;info@webmedea.cz;Marketing;Úspěšně odesláno - čeká na odpověď
3K značky s.r.o.;info@3kzacky.cz;Marketing;Nedoručeno - čeká na ověření: Říčany u Prahy, Středočeský kraj
Atelier design MM, s.r.o.;info@atelierdesignmm.cz;Marketing;Nedoručeno - čeká na ověření: Mladá Boleslav, Středočeský kraj
Mailkit;info@mailkit.cz;Marketing;Nedoručeno - čeká na ověření: Praha-východ, Středočeský kraj
MAXON DESIGN s.r.o.;info@maxondesign.cz;Marketing;Nedoručeno - čeká na ověření: Mělník, Středočeský kraj
Reklama21;info@reklama21.cz;Marketing;Úspěšně odesláno - čeká na odpověď
DTPak.cz;info@dtpak.cz;Marketing;Úspěšně odesláno - čeká na odpověď
A agency s.r.o.;info@a-agency.cz;Marketing;Nedoručeno - čeká na ověření: Praha 7, komplexní reklamní služby
Studio Spot;info@studiospot.cz;Marketing;Nedoručeno - čeká na ověření: Praha, full servis
ProKreativ s.r.o.;info@prokreativ.cz;Marketing;Úspěšně odesláno - čeká na odpověď
Galileo Production s. r. o.;info@galileo.cz;Marketing;Úspěšně odesláno - čeká na odpověď
Corpus, spol. s r.o.;info@corpus.cz;Marketing;Úspěšně odesláno - čeká na odpověď
Deft design s.r.o.;info@deft.cz;Marketing;Úspěšně odesláno - čeká na odpověď
Euro - Agency, s.r.o.;info@euroagency.cz;Marketing;Úspěšně odesláno - čeká na odpověď
WoW Productions, s.r.o.;info@wowproductions.cz;Marketing;Úspěšně odesláno - čeká na odpověď
Time Vox s.r.o.;info@timevox.cz;Marketing;Úspěšně odesláno - čeká na odpověď
BigMedia, spol. s r. o.;info@bigmedia.cz;Marketing;Úspěšně odesláno - čeká na odpověď
CreativeDock;info@creativedock.cz;Marketing;Nedoručeno - čeká na ověření: Praha
Bistro Agency;info@bistroagency.cz;Marketing;Úspěšně odesláno - čeká na odpověď
Socialsharks;info@socialsharks.cz;Marketing;Úspěšně odesláno - čeká na odpověď
AITOM Group;info@aitom.cz;Marketing;Úspěšně odesláno - čeká na odpověď
Konektor;info@konektor.cz;Marketing;Nedoručeno - čeká na ověření: Praha, PR a komunikace
Dentsu International;info@dentsu.cz;Marketing;Nedoručeno - čeká na ověření: Praha, mediální agentura
Media One s.r.o.;info@mediaone.cz;Marketing;Úspěšně odesláno - čeká na odpověď
Havas Group;info@havas.cz;Marketing;Nedoručeno - čeká na ověření: Praha, reklamní agentura
Ogilvy;info@ogilvy.cz;Marketing;Úspěšně odesláno - čeká na odpověď
Saatchi & Saatchi;info@saatchi.cz;Marketing;Úspěšně odesláno - čeká na odpověď
Leo Burnett;info@leoburnett.cz;Marketing;Úspěšně odesláno - čeká na odpověď
McCann Prague;info@mccann.cz;Marketing;Úspěšně odesláno - čeká na odpověď
Zaraguza;info@zaraguza.cz;Marketing;Úspěšně odesláno - čeká na odpověď
Taneční marketing;info@tanecnimarketing.cz;Marketing;Nedoručeno - čeká na ověření: Praha, marketing pro tanec
Symbio Digital;info@symbio.cz;Marketing;Úspěšně odesláno - čeká na odpověď
Sun Marketing;info@sunmarketing.cz;Marketing;Úspěšně odesláno - čeká na odpověď
Včeliště;info@vceliste.cz;Marketing;Úspěšně odesláno - čeká na odpověď
Obsahová agentura;info@obsahovaagentura.cz;Marketing;Nedoručeno - čeká na ověření: Praha, copywriting a obsah
Digital First;info@digitalfirst.cz;Marketing;Úspěšně odesláno - čeká na odpověď
Marketingová kancelář;info@marketingovakancelar.cz;Marketing;Úspěšně odesláno - čeká na odpověď
Firma na klíč;info@firmanaklic.cz;Marketing;Úspěšně odesláno - čeká na odpověď
KREATIVE s.r.o.;info@kreative.cz;Marketing;Nedoručeno - čeká na ověření: Praha, branding
STUDIO SPOT reklamní agentura, spol. s r.o.;info@studiospot.cz;Marketing;Nedoručeno - čeká na ověření: Praha
GUIDELINE DIGI & PR s.r.o.;info@guideline.cz;Marketing;Úspěšně odesláno - čeká na odpověď
Lucky Brand;info@luckybrand.cz;Marketing;Úspěšně odesláno - čeká na odpověď
RED ELEPHANT s.r.o.;info@redelephant.cz;Marketing;Úspěšně odesláno - čeká na odpověď
SIGNUM 1995 s.r.o.;info@signum.cz;Marketing;Nedoručeno - čeká na ověření: Praha, tisk a reklama
24 hours agency s.r.o.;info@24hours.cz;Marketing;Úspěšně odesláno - čeká na odpověď
A - Zet studio s.r.o.;info@azetstudio.cz;Marketing;Nedoručeno - čeká na ověření: Praha, full servis agentura
3P s.r.o.;info@3p.cz;Marketing;Úspěšně odesláno - čeká na odpověď
3S AGENCY s.r.o.;info@3sagency.cz;Marketing;Nedoručeno - čeká na ověření: Praha, reklamní agentura
9.VLNA CASTING;info@9vlna.cz;Marketing;Úspěšně odesláno - čeká na odpověď
A - AGENT s.r.o.;info@a-agent.cz;Marketing;Úspěšně odesláno - čeká na odpověď
A plus s.r.o.;info@aplus.cz;Marketing;Úspěšně odesláno - čeká na odpověď
Adastra;info@adastra.cz;Marketing;Úspěšně odesláno - čeká na odpověď
Cisco Czech Republic;info@cisco.cz;Marketing;Nedoručeno - čeká na ověření: Praha, IT a marketing
T-Mobile Czech Republic;info@t-mobile.cz;Marketing;Nedoručeno - čeká na ověření: Praha, marketing a telekomunikace
Vodafone Czech Republic;info@vodafone.cz;Marketing;Úspěšně odesláno - čeká na odpověď
Adastra s.r.o.;info@adastra.cz;Marketing;Úspěšně odesláno - čeká na odpověď
Marketingová agentura Lysá nad Labem;info@marketing-lysa.cz;Marketing;Nedoručeno - čeká na ověření: Lysá nad Labem
Jarabák s.r.o.;info@jarabak.cz;Marketing;Úspěšně odesláno - čeká na odpověď
Formann spol. s r.o.;info@formann.cz;Marketing;Nedoručeno - čeká na ověření: Zlatníky-Hodkovice, foto/video tvorba
ARB Europe s.r.o.;info@arbarb.cz;Marketing;Nedoručeno - čeká na ověření: Kunice
Actum X, s.r.o.;info@actum.cz;Marketing;Úspěšně odesláno - čeká na odpověď
Babypoint s.r.o.;info@babypoint.cz;Marketing;Úspěšně odesláno - čeká na odpověď
Orifarm Supply s.r.o.;info@orifarm.cz;Marketing;Úspěšně odesláno - čeká na odpověď
Marvinpac CZ, s.r.o.;info@marvinpac.cz;Marketing;Nedoručeno - čeká na ověření: Říčany, marketingové služby
Polycasa s.r.o.;info@polycasa.cz;Marketing;Nedoručeno - čeká na ověření: Příbram, marketingové služby
G´s Group Holdings CZ s.r.o.;info@gsgroup.cz;Marketing;Nedoručeno - čeká na ověření: Lysá nad Labem, marketing a logistika
PRG.cz s.r.o.;info@prg.cz;Marketing;Úspěšně odesláno - čeká na odpověď
WebHouse s.r.o.;info@webhouse.cz;Marketing;Úspěšně odesláno - čeká na odpověď
Kreativní agentura Kladno;info@agenturakladno.cz;Marketing;Nedoručeno - čeká na ověření: Kladno
Reklamní agentura Kolín;info@agenturakolin.cz;Marketing;Nedoručeno - čeká na ověření: Kolín
Digitální agentura Kutná Hora;info@agenturakutnahora.cz;Marketing;Nedoručeno - čeká na ověření: Kutná Hora
Marketingové služby Beroun;info@marketing-beroun.cz;Marketing;Nedoručeno - čeká na ověření: Beroun
Ador s.r.o.;info@ador.cz;Marketing;Úspěšně odesláno - čeká na odpověď
Mediální agentura Příbram;info@mediapribram.cz;Marketing;Nedoručeno - čeká na ověření: Příbram
Web4all s.r.o.;info@web4all.cz;Marketing;Nedoručeno - čeká na ověření: Český Brod, tvorba webů a marketing
Visualio s.r.o.;info@visualio.cz;Marketing;Úspěšně odesláno - čeká na odpověď
Digitální partner Mělník;info@digitalnimelnik.cz;Marketing;Nedoručeno - čeká na ověření: Mělník
Global Marketing s.r.o.;info@globalmarketing.cz;Marketing;Úspěšně odesláno - čeká na odpověď
Agentura 21.století;info@agentura21.cz;Marketing;Nedoručeno - čeká na ověření: Mladá Boleslav
Inizio s.r.o.;info@inizio.cz;Marketing;Úspěšně odesláno - čeká na odpověď
Kreativní služby s.r.o.;info@kreativni.cz;Marketing;Úspěšně odesláno - čeká na odpověď
Brand s.r.o.;info@brand.cz;Marketing;Úspěšně odesláno - čeká na odpověď
Media Factory s.r.o.;info@mediafactory.cz;Marketing;Úspěšně odesláno - čeká na odpověď
Online Marketing Partner;info@onlinepartner.cz;Marketing;Nedoručeno - čeká na ověření: Mladá Boleslav
Propaganda Agency s.r.o.;info@propaganda.cz;Marketing;Nedoručeno - čeká na ověření: Český Brod
PR Agentura Příbram;info@prpribram.cz;Marketing;Nedoručeno - čeká na ověření: Příbram
Marketingový servis s.r.o.;info@servismarketingu.cz;Marketing;Nedoručeno - čeká na ověření: Kolín
Dronová agentura Kolín;info@dronagency.cz;Marketing;Nedoručeno - čeká na ověření: Kolín
Creative solutions s.r.o.;info@creativesolutions.cz;Marketing;Úspěšně odesláno - čeká na odpověď
Video marketing s.r.o.;info@videomarketing.cz;Marketing;Úspěšně odesláno - čeká na odpověď
Marketingové studio Mělník;info@studiomelnik.cz;Marketing;Nedoručeno - čeká na ověření: Mělník
Agentura pro digitál;info@prodigital.cz;Marketing;Úspěšně odesláno - čeká na odpověď
Online PR agency;info@onlinepr.cz;Marketing;Nedoručeno - čeká na ověření: Mladá Boleslav
Webová agentura Příbram;info@webovapribram.cz;Marketing;Nedoručeno - čeká na ověření: Příbram
Kreativní studio Kladno;info@studiokladno.cz;Marketing;Nedoručeno - čeká na ověření: Kladno
Marketingový specialista s.r.o.;info@specialistamarketingu.cz;Marketing;Nedoručeno - čeká na ověření: Kolín
Online média Beroun;info@onlineberoun.cz;Marketing;Nedoručeno - čeká na ověření: Beroun
Marketingová konzultace s.r.o.;info@konzultace.cz;Marketing;Nedoručeno - čeká na ověření: Mělník
Kreativní tvorba s.r.o.;info@kreativnitvorba.cz;Marketing;Nedoručeno - čeká na ověření: Říčany
Brand Factory s.r.o.;info@brandfactory.cz;Marketing;Nedoručeno - čeká na ověření: Mladá Boleslav
Digitální kampaně s.r.o.;info@digitalnikampane.cz;Marketing;Nedoručeno - čeká na ověření: Kladno
Agentura pro sociální sítě;info@socsitereklama.cz;Marketing;Nedoručeno - čeká na ověření: Kolín
Obsahové studio s.r.o.;info@obsahovestudio.cz;Marketing;Nedoručeno - čeká na ověření: Beroun
Online marketingová společnost;info@onlinemarketingova.cz;Marketing;Nedoručeno - čeká na ověření: Mělník
Full servis marketing s.r.o.;info@fullservismarketing.cz;Marketing;Nedoručeno - čeká na ověření: Říčany